user_name,hashtag,frequency
pete_rizzo_,#bitcoin,8
egragcrypto,#xrp,6
ChrisCa76642661,#ethereum,4
ChrisCa76642661,#bitcoin,4
ChrisCa76642661,#crypto,4
CryptoMichNL,#bitcoin,4
ChrisCa76642661,#basechain,4
kirnHsingh,#bitcoin,3
Gate__Live,#cryptonews,3
Gate__Live,#crypto,3
Can_Sayan,#altcoin,3
matteoinvest,#ethereum,3
capitalgr,#capitalgr,3
matteoinvest,#btc,3
matteoinvest,#eth,3
BSCGemsAlert,#crypto,3
Gate__Live,#gatelive,3
matteoinvest,#bitcoin,3
Washigorira,#bitcoin,2
usd_xau_btc_jpy,#bitcoin,2
0xToxo,#weexpizzaday,2
iAmFAMZo,#crypto,2
3twariorfamily,#iranwar,2
3twariorfamily,#crypto,2
Bitcoinsensus,#crypto,2
ATHCryptfh,#btc,2
angrycryptoshow,#cardano,2
CryptoMichNL,#crypto,2
mybitcos,#blockchain,2
mybitcos,#bitcospro,2
Gate__Live,#airdrops,2
3twariorfamily,#trump,2
usd_xau_btc_jpy,#btc,2
3twariorfamily,#xrp,2
mybitcos,#web3,2
BitbullTrading,#bitcoin,2
BTCTimescom,#bitcoin,2
itsFoxCrypto,#crypto,2
TATrader_Alan,#bitcoin,2
PiyasaNabizi,#eth,2
mybitcos,#defi,2
enricmm85,#bitcoin,2
MatthewHyland_,#btc,2
mybitcos,#crypto,2
bitget,#bitcoinpizzaday,2
Gate__Live,#livestream,2
el_crypto_prof,#altcoins,2
HakkPilpil,#btc,2
mybitcos,#bos,2
PaulGoldEagle,#xrp,2
Solpok21,#bitcoin,2
binance,#binancepizza,2
Bitcoinsensus,#doge,2
traderhamza,#bitcoin,2
rkmtimes,#bitcoin,2
ActuCrypto_info,#crypto,1
thickquidity,#nftrees,1
ItenLidija1098,#trader,1
CryptoNowNever,#binance,1
SquidGame_TON_X,#hodl,1
HorseCrypto369,#horse,1
TylerRush381439,#aiboom,1
CryptoNowNever,#ethereum,1
richard_gi51612,#techstocks,1
GRust35615,#crypto,1
bnb_girl1,#crypto,1
SquidGame_TON_X,#bullmarket,1
soydavidvillega,#zec,1
cryptodispenser,#cryptosecurity,1
3Letters__,#xrp,1
MTogliatti9920,#hpc,1
Rajatsoni,#4,1
NedunckDefi,#web3,1
Cber_Official,#crypto,1
JeffreyAgu81050,#crypto,1
Tuoi___,#iranwar,1
DAF1CHAIN,#bnb,1
Tuoi___,#war,1
EileenS33660,#aapl,1
ALhajri0999,#btc,1
SquidGame_TON_X,#squidgame,1
rajala5576,#valueinvesting,1
iAmFAMZo,#1000x,1
CryptoNowNever,#coinbase,1
DrRitikaS,#near,1
iAmFAMZo,#voltinu,1
CryptoWizardd,#btc,1
WelchCathe12265,#stockgains,1
01573bit,#radfi,1
DAF1CHAIN,#dafcoin,1
Holo_Thunder,#2,1
NitroBunnies_X,#ntro,1
JeffreyAgu81050,#coep,1
CryptoWhiza_,#btc,1
PiyasaNabizi,#altcoin,1
iAmFAMZo,#bullrun2025,1
XTexchange,#xtbitcoinpizzaday,1
PiyasaNabizi,#doge,1
Crypquint,#bitcoin,1
Bitcoinprof0637,#bitcoin,1
itsFoxCrypto,#trump,1
CryptoPatel,#bitcoin,1
SheltonReb45772,#trading,1
Mustafa84924477,#fwc,1
gardner_na38164,#hedgefund,1
et_trading_bot,#cryptosignals,1
Tuoi___,#bitcoin,1
WelchCathe12265,#inflation,1
Share_Talk,#btc,1
PiyasaNabizi,#kriptopara,1
OwenDennis46841,#aapl,1
iAmFAMZo,#voltiflex,1
NitroBunnies_X,#nitrobunnies,1
HannahRice9392,#aapl,1
KennethSmi40023,#nvda,1
Can_Sayan,#ethusdt,1
MarceloCaio_,#bitcoin,1
PiyasaNabizi,#shib,1
itsFoxCrypto,#doge,1
ICT___7,#spx,1
3Letters__,#shib,1
MTogliatti9920,#stocktips,1
Kryp_Toon,#binancechain,1
zona_crypto,#etfs,1
narrativeflow_,#defi,1
RemyC77653,#nio,1
hattengroup,#btc,1
crypto_ronny01,#bingx,1
3Letters__,#doge,1
iefsafrica,#bitcoin,1
thebittimescom,#cryptomarket,1
ralli_kralicesi,#tuprs,1
AngryUncleToken,#crypto,1
Share_Talk,#gold,1
soydavidvillega,#crypto,1
3Letters__,#manyu,1
fastheal123,#cryptomarket,1
NedunckDefi,#btcfi,1
et_trading_bot,#bitcoin,1
AlbertoPar87910,#vix,1
kidsreallycute,#tron,1
piyasasozcusu,#bitcoin,1
Solpok21,#crypto,1
DAMIR626322,#cocoro,1
Crypto_Ayman,#bitcoin,1
FirstSquawk,#bitcoin,1
AngryUncleToken,#buy,1
GuruOfkrypto,#crypto,1
ralli_kralicesi,#borsai,1
HakkPilpil,#m,1
dens_club,#crypto,1
CryptoWhiza_,#trading,1
JeffreyMur51307,#pltr,1
DavidsonKa32742,#trader,1
HorseCrypto369,#horsearmy,1
SeanWallac35944,#crypto,1
PiyasaNabizi,#bitcoin,1
Fiercecrypto,#youtube,1
bitcoinwizardry,#127,1
NormanHutc76275,#cleantech,1
Jack_gtm1,#bog,1
FirstSquawk,#solana,1
DanielHoll89654,#hpc,1
patrick_ja83743,#aapl,1
Share_Talk,#dgq,1
TaurusInvestTV,#bnb,1
UniverseTwenty,#xrp,1
rodrigomcrypto,#456,1
orlando_ru80972,#googl,1
AYouz50,#ethereum,1
LucilaPedr20217,#nvda,1
CryptoAdventure,#btc,1
ruposhamin,#ai,1
SusanPalme69820,#portfolio,1
ConcettaVe21969,#aapl,1
FirstSquawk,#ether,1
King0ftheCharts,#crypto,1
FirstSquawk,#polkadot,1
narrativeflow_,#supportdefi,1
Mr_Derivatives,#nojinx,1
Rajatsoni,#2,1
CryptoRowenta01,#privacy,1
Jack_gtm1,#wojak,1
Jason23818126,#bitgetagent,1
CryptoWhiza_,#bitcoin,1
DanielAnde24746,#earnings,1
zona_crypto,#bitcoin,1
Solpok21,#web3,1
CarlB20525,#aiboom,1
crypto_queen_x,#xrpl,1
ChristianN48714,#amzn,1
XTexchange,#dontmispricethefutures,1
hattengroup,#sol,1
iAmFAMZo,#volt,1
HCalhoun24883,#aapl,1
Fiercecrypto,#sol,1
HakkPilpil,#f,1
Share_Talk,#ajax,1
RichardsLe6015,#marketupdate,1
IanThomas164197,#stockmarket,1
DanielAnde24746,#finance,1
Jack_gtm1,#flork,1
nguyen_fra56117,#wealthbuilding,1
dens_club,#near,1
FinansBlue,#bitcoin,1
FirstSquawk,#avalanche,1
dajingou1,#btc,1
KellyChery71401,#crypto,1
ralli_kralicesi,#viop,1
JeffreyMur51307,#aapl,1
EWatson36743,#nasdaq,1
UEEx_official,#btc,1
KryptoWolfGER,#bitcoin,1
3A_Atlas,#crypto,1
orlando_ru80972,#onds,1
CryptoThro,#crypto,1
Bitty4Bitcoin,#bitcoin,1
SheltonReb45772,#hnna,1
Thebitquake,#crypto,1
HorseCrypto369,#pulsechain,1
ABTC,#abtc,1
rajala5576,#hpc,1
matthewbennett,#abtc,1
itsFoxCrypto,#pi,1
Joestuart82,#web3,1
CryptoTolga_,#maskusdt,1
ConorHarri42434,#cleantech,1
EWatson36743,#datacenter,1
iAmFAMZo,#memecoinseason,1
HasanANKA,#xau,1
Aivaras62096689,#bitcoin,1
itsFoxCrypto,#memecoin,1
GrailsOTC,#9098,1
Share_Talk,#ssit,1
ImCryptOpus,#defi,1
Fiercecrypto,#crypto,1
RaymondSco26453,#aapl,1
Romeo_Onchain,#cryptotonairain60secs,1
AngryUncleToken,#anime,1
ActuCrypto_info,#bitcoin,1
Emreislek,#bitcoin,1
NedunckDefi,#dyor,1
lopez_bail29604,#recession,1
DobsonJere96850,#stocknews,1
Cryptoemperor06,#xrp,1
Bitcoin_World20,#btc,1
ConorHarri42434,#technicalanalysis,1
realCryptoMatze,#btc,1
Share_Talk,#genf,1
bitcoin_hotel,#fyp,1
iAmFAMZo,#shibarmy,1
cryptodispenser,#bitcoineducation,1
BiconomyCom,#cryptotrading,1
fastheal123,#bitcoin,1
CryptoAdventure,#mining,1
KatherineN88573,#gapup,1
PageAllan17114,#recession,1
ero_crypto,#btc,1
BrianBrito97856,#marketrally,1
rodgers31787,#orcl,1
MSanders59017,#qqq,1
JosephKirk86315,#crypto,1
soydavidvillega,#atom,1
BCryptodinero,#fed,1
CryptoYeezussss,#crypto,1
MEXC,#mexc,1
bitcoin_hotel,#viral,1
thebittimescom,#bitcoin,1
dens_club,#solana,1
itsFoxCrypto,#floki,1
LorraineGr30554,#nio,1
NormiesSales,#6711,1
cole_katy71989,#inflation,1
mimcoin,#magicinternetmoney,1
102BTC,#cr7,1
Share_Talk,#mka,1
itsFoxCrypto,#pengu,1
BrianBrito97856,#stock,1
NikolaiNuu7895,#nvda,1
Eljaboom,#bitcoin,1
EkoKripto,#btc,1
TomanovaVi22026,#swingtrading,1
Share_Talk,#wti,1
Jun666Xx,#nft,1
3Letters__,#bnb,1
SquidGame_TON_X,#moon,1
Dalecrypto_,#jellyjelly,1
Jack_gtm1,#lamansi,1
iAmFAMZo,#coin,1
Joestuart82,#sol,1
CryptoCedric_,#bitcoin,1
traderhamza,#eth,1
Jack_gtm1,#lest,1
DAF1CHAIN,#daf1,1
NormiesSales,#2461,1
ENrgaard46037,#eps,1
cryptodylnews,#ripple,1
javedahmedhere,#web3,1
realCryptoMatze,#bitcoin,1
HorseCrypto369,#memecoin,1
AngryUncleToken,#meme,1
TaurusInvestTV,#avax,1
ChloeColli62737,#hpc,1
TaurusInvestTV,#crypto,1
AYouz50,#bitcoin,1
crypto_king34,#eth,1
CryptoEmpressX,#krakenwins,1
qirilaifu,#communityiseverything,1
Gate__Live,#1,1
UEEx_official,#crypto,1
CalistoVig55878,#valueinvesting,1
JosephKirk86315,#hpc,1
NienkeT32500,#retailinvestor,1
AugustoBackes,#bicoin,1
KellyWatso26828,#datacenter,1
MitsefX,#altcoins,1
laucutiey,#builderpizzeria,1
GRust35615,#earnings,1
CryptoSems,#trump,1
BirgerGutk5897,#moneymanagement,1
fastheal123,#moneysupply,1
Cryptoemperor06,#ripple,1
RichardsLe6015,#marketwatch,1
MFernandes43117,#stocktips,1
NormiesSales,#7458,1
Can_Sayan,#rally,1
NormiesSales,#8329,1
DelvignePi88341,#glob,1
BorsaDevriyesi,#vstr,1
Smart_Money,#hyperliquid,1
UEEx_official,#bitcoinpizzaday,1
01573bit,#nodestr,1
prideveteran1,#bist,1
KellyWatso26828,#financialliteracy,1
TaurusInvestTV,#pumpfun,1
HCalhoun24883,#dowjones,1
BCryptodinero,#bitcoin,1
iMithrandir_,#crypto,1
thickquidity,#tree,1
CryptoSems,#btc,1
iefsafrica,#miami,1
PiyasaNabizi,#btc,1
Can_Sayan,#btcusdt,1
Kryp_Toon,#defi,1
thescalpingpro,#bitcoin,1
Share_Talk,#hui,1
CryptoMichNL,#altcoins,1
BinanceForIN,#binancepizza,1
iAmFAMZo,#bitcoinetf,1
BorsaDevriyesi,#orta,1
crypto_king34,#web3,1
Jason23818126,#btc,1
francis_th51635,#pltr,1
ActuCrypto_info,#altcoins,1
bitcoin_hotel,#corona,1
PaulGoldEagle,#xrpcommunity,1
patrick_ja83743,#aiboom,1
Kaffchad,#rwas,1
thinkingcrypto,#clarityact,1
NaomiCoope95432,#aapl,1
LeanneBail26873,#bigtech,1
Jun666Xx,#dumbmoney,1
kidsreallycute,#tronecostar,1
matthewbennett,#cryptoutility,1
HasanANKA,#btc,1
dens_club,#bitcoin,1
itsFoxCrypto,#pepe,1
Jason23818126,#aitrading,1
King0ftheCharts,#btcnews,1
czy_mich,#ethereum,1
LeePatrick26391,#bearish,1
gardner_na38164,#nasdaq,1
cryptodispenser,#digitalassets,1
et_trading_bot,#btc,1
mimcoin,#mim,1
crypto_ronny01,#bitcoin,1
DAMIR626322,#classicreimagined,1
King0ftheCharts,#btcusd,1
AWolfe95858,#stockmarket,1
RichardWil39102,#technicalanalysis,1
lookonchain,#ethereumog,1
CryptoPatel,#trump,1
BorsaDevriyesi,#sol,1
EkoKripto,#altcoin,1
FirstSquawk,#litecoin,1
narrativeflow_,#blockchain,1
DAMIR626322,#eth,1
jones_kayl66527,#aapl,1
thebittimescom,#thebittimes,1
PaulGoldEagle,#bitcoin,1
JeffreyMur51307,#softlanding,1
Ms_Elizzaah,#coinex,1
PiyasaNabizi,#avax,1
BCryptodinero,#trump,1
3Letters__,#ada,1
prideveteran1,#bitcoin,1
HardyKathr6971,#spy,1
BiconomyCom,#bitcoin,1
web3_intellect,#web3,1
ruposhamin,#fiverr,1
PageAllan17114,#crypto,1
CryptoFellaTx,#solana,1
KeithHolla83878,#crypto,1
AlyssaGome88931,#amzn,1
realCryptoMatze,#crypto,1
TomCooper16855,#stockgains,1
BorsaDevriyesi,#btc,1
CastilloTrading,#bitcoin,1
GolinoRomo8304,#shortsqueeze,1
BCryptodinero,#ethereum,1
Rajatsoni,#3,1
rodgers31787,#passiveincome,1
Jake__Wujastyk,#bitcoin,1
Cryptoemperor06,#crypto,1
HakkPilpil,#alcx,1
OwenDennis46841,#eps,1
CryptoPatel,#xtz,1
IHalvorsen67729,#softlanding,1
farmer_jes69229,#technicalanalysis,1
ShannonSmi72407,#stockmarket,1
01573bit,#btcfi,1
Krypto_Cuervo,#krypto,1
francis_th51635,#meta,1
HakkPilpil,#vps,1
crypto_king34,#cryptonews,1
NormiesSales,#4664,1
NedunckDefi,#cryptoconviction,1
Share_Talk,#dow,1
Share_Talk,#cwr,1
Jun666Xx,#uniswapv4,1
PropWGlobal,#traderjack,1
btc_davie,#btc,1
matteoinvest,#114,1
LucilaPedr20217,#technicalanalysis,1
philarekt,#1,1
HelenGriff18975,#nvda,1
AlbertoPar87910,#spy,1
PiyasaNabizi,#sol,1
PiyasaNabizi,#ada,1
crypto_queen_x,#xrp,1
BirgerGutk5897,#gapup,1
TaurusInvestTV,#sui,1
jeffcmaia,#bitcoin,1
letsexchange_io,#cryptolifememes,1
DarrenAlle99188,#tradeplan,1
KeithHolla83878,#stocknews,1
Kaffchad,#54,1
NormiesSales,#5303,1
Share_Talk,#ensi,1
CryptoPatel,#kevinwarsh,1
TaurusInvestTV,#bitcoin,1
trevor_rob26162,#stocktrading,1
HakkPilpil,#tly,1
narrativeflow_,#reth,1
Jack_gtm1,#btc,1
EkoKripto,#bitcoin,1
TaurusInvestTV,#cosmos,1
Krypto_Cuervo,#bitcoin,1
KriptoHulk,#btc,1
cryptodispenser,#wiretransfer,1
HakkPilpil,#band,1
thickquidity,#sui,1
CryptoAdventure,#crypto,1
Cber_Official,#eth,1
MichaelRic65984,#spac,1
TaurusInvestTV,#cz,1
FinansBlue,#solana,1
3A_Atlas,#btc,1
MEXC,#mexc0fee,1
AugustoBackes,#ethereum,1
SheltonReb45772,#spy,1
ChristianN48714,#gapup,1
PiyasaNabizi,#link,1
crypto_king34,#ethereum,1
Jack_gtm1,#asteriod,1
FirstSquawk,#bitcoincash,1
thebittimescom,#cryptocurrecy,1
NikolaiNuu7895,#aiboom,1
thinkingcrypto,#solana,1
TomCooper16855,#amzn,1
PiyasaNabizi,#trx,1
iAmFAMZo,#sparkbot,1
TaylorRay460769,#nasdaq,1
jones_kayl66527,#moneymanagement,1
javedahmedhere,#crypto,1
itsFoxCrypto,#shib,1
CryptoSems,#tmtg,1
MFernandes43117,#bullmarket,1
Nebraskangooner,#bitcoin,1
TaylorRay460769,#marketanalysis,1
CryptoPatel,#ethereumog,1
CarterSand52282,#nvda,1
CryptoNowNever,#memecoin,1
BSCGemsAlert,#stardom,1
MarioOttai549,#crypto,1
ICT___7,#nasdaq,1
zona_crypto,#altcoins,1
PiyasaNabizi,#ethereum,1
jeffcmaia,#crypto,1
alphatrends,#bitcoin,1
EugeneMclaurin,#tbt,1
fastheal123,#btc,1
itsFoxCrypto,#rune,1
bitcoin_hotel,#peterhahne,1
HannahRice9392,#highbetastocks,1
burcbtc,#crypto,1
burcbtc,#markets,1
Gate__Live,#11,1
iambroots,#bitcoin,1
CryptoCedric_,#cryptolatam,1
matthewbennett,#passiverevenue,1
GolinoRomo8304,#aistocks,1
AYouz50,#crypto,1
mybitcos,#futureoffinance,1
Jun666Xx,#hook,1
ruposhamin,#bitcoin,1
Can_Sayan,#kriptopara,1
JeffreyMur51307,#tsla,1
TonyPaul413994,#crypto,1
AsbjrnL76856,#wallstreet,1
Joestuart82,#btc,1
BullrunnersHQ,#xrp,1
CryptoPatel,#apt,1
iAmFAMZo,#voltichange,1
PintaricRobert,#krypto,1
PintaricRobert,#bitcoin,1
Cber_Official,#cber,1
Joestuart82,#depin,1
Holo_Thunder,#1,1
NaomiCoope95432,#aiboom,1
TheBitcoinConf,#bitcoin,1
CryptoNowNever,#altcoins,1
IanThomas164197,#stock,1
MarieRoger39833,#bearmarket,1
CarlB20525,#tradeplan,1
AnjaFehrin25026,#stocktrading,1
01573bit,#omb,1
soydavidvillega,#analisistecnico,1
thinkingcrypto,#crypto,1
Can_Sayan,#btc,1
Smart_Money,#zcash,1
itsFoxCrypto,#jup,1
King0ftheCharts,#btc,1
crypto_pump00,#btc,1
marcuschainn,#bitcoin,1
SusanPalme69820,#interestrates,1
bitcoinjp,#bitcoin,1
King0ftheCharts,#bitcoin,1
Bitcoinsensus,#memecoin,1
HorseCrypto369,#horseseason,1
NormiesSales,#1906,1
NitroBunnies_X,#crypto,1
mi35156,#phantomwallet,1
Rajatsoni,#6,1
BorsaDevriyesi,#eth,1
HorseCrypto369,#crypto,1
czy_mich,#bitcoin,1
3Letters__,#eth,1
DuffyPauli31965,#pltr,1
ICT___7,#btc,1
Bitcoinsensus,#dogecoin,1
smith_emil88688,#nvda,1
iefsafrica,#wallstreet,1
NitroBunnies_X,#solana,1
Rajatsoni,#5,1
UniverseTwenty,#x,1
Rajatsoni,#1,1
biupa,#bcgame,1
TaurusInvestTV,#xmr,1
cryptodispenser,#bitcoin,1
RichardWil39102,#stocktrading,1
NormiesSales,#7978,1
smith_emil88688,#aiboom,1
Share_Talk,#teng,1
PiyasaNabizi,#kripto,1
NitroBunnies_X,#web3,1
iAmFAMZo,#bitcoin,1
NienkeT32500,#passiveincome,1
BinanceForIN,#bitcoin,1
DavidsonKa32742,#earningsseason,1
CryptoAdventure,#bitcoin,1
BiconomyCom,#biconomycom,1
3Letters__,#pepe,1
CryptoSnack_,#snack,1
AmberCarte64280,#aiboom,1
USronaldcarter,#bitcoin,1
coinspace_,#bitcoin,1
3Letters__,#sol,1
TaurusInvestTV,#ondo,1
Jun666Xx,#eth,1
hattengroup,#bnb,1
TomanovaVi22026,#marketanalysis,1
andrew_hay82331,#nio,1
AYouz50,#btc,1
ralli_kralicesi,#brent,1
CMiddleton3728,#aiboom,1
harriet24830,#supportresistance,1
KriptoCapris,#btc,1
FirstSquawk,#eos,1
Jason23818126,#getclaw,1
3A_Atlas,#eth,1
thebittimescom,#binance,1
ConcettaVe21969,#retailinvestor,1
IHalvorsen67729,#aapl,1
TaurusInvestTV,#solana,1
iMithrandir_,#canadiangp,1
DominicLew87872,#wallstreet,1
TehLamboX,#bitcoin,1
TonyPaul413994,#aapl,1
Coinmatik1,#bitcoin,1
ruposhamin,#blockchain,1
matteoinvest,#115,1
3Letters__,#btc,1
BorsaDevriyesi,#avax,1
hodl_hans,#bitcoin,1
MitsefX,#bitcoin,1
ZSWAP_DEX,#crypto,1
PropWGlobal,#crypto,1
FirstSquawk,#stellar,1
PintaricRobert,#achterbahn,1
HardyKathr6971,#recession,1
Share_Talk,#ftse100,1
Crypto_Ayman,#crypto,1
3Letters__,#cro,1
CryptoNowNever,#crypto,1
Jack_gtm1,#crypto,1
farmer_jes69229,#crypto,1
ruposhamin,#crypto,1
LorraineGr30554,#bullmarket,1
RSITraderr,#trading,1
BitcoinNews,#bitcoin,1
RSITraderr,#cryptotrading,1
Share_Talk,#itm,1
burcbtc,#bitcoin,1
NormiesSales,#4152,1
EkoKripto,#crypto,1
et_trading_bot,#ettrading,1
lopez_bail29604,#batterystocks,1
UEEx_official,#ueex,1
KellyChery71401,#eeiq,1
Micro2Macr0,#bitcoin,1
CryptoSnack_,#realutility,1
DominicLew87872,#aistocks,1
FirstSquawk,#chainlink,1
DarrenAlle99188,#nasdaq,1
Solpok21,#liberty,1
Kryp_Toon,#cryptoetf,1
AngryUncleToken,#trading,1
matteoinvest,#113,1
jeffcmaia,#altcoins,1
web3_intellect,#liquidations,1
Share_Talk,#omi,1
iAmFAMZo,#voltieco,1
ActuCrypto_info,#actucrypto,1
CarterSand52282,#sp500,1
itsFoxCrypto,#wif,1
Share_Talk,#bank,1
RSITraderr,#rsi,1
Jack_gtm1,#eth,1
TaurusInvestTV,#cryptotrend,1
KryptoWolfGER,#near,1
CryptoSems,#bitcoin,1
kidsreallycute,#bitcoinpizzaday,1
narrativeflow_,#defiunited,1
AndrewPayn69245,#semiconductors,1
PiyasaNabizi,#bnb,1
MinusWells,#ripple,1
fastheal123,#usstocks,1
PiyasaNabizi,#ton,1
Kryp_Toon,#bnb,1
ENrgaard46037,#stockportfolio,1
Delekenny01,#bingx,1
CryptoRowenta01,#zkproof,1
PiyasaNabizi,#crypto,1
dajingou1,#eth,1
Crypt0bells,#qlabs,1
ICT___7,#crypto,1
BiconomyCom,#altcoins,1
Romeo_Onchain,#usebusha,1
TanjaZach211202,#portfolio,1
Tuoi___,#cryptocurrency,1
soydavidvillega,#trading,1
hattengroup,#eth,1
HasanANKA,#alt,1
crypto_ronny01,#crypto,1
NormiesSales,#399,1
RemyC77653,#inflation,1
Joestuart82,#zec,1
richard_gi51612,#aapl,1
soydavidvillega,#bitcoin,1
CalistoVig55878,#stocks,1
cole_katy71989,#earnings,1
nguyen_fra56117,#investing,1
TaurusInvestTV,#ethereum,1
XRPDegens,#1,1
HelenGriff18975,#usstocks,1
ruposhamin,#dogecoin,1
LeePatrick26391,#qqq,1
bitcoin_hotel,#politik,1
Jason23818126,#cta,1
AsbjrnL76856,#orcl,1
AnjaFehrin25026,#aapl,1
web3_intellect,#btc,1
ICT___7,#ict,1
ralli_kralicesi,#bitcoin,1
3A_Atlas,#web3,1
Share_Talk,#neo,1
DAF1CHAIN,#crypto,1
RSITraderr,#crypto,1
CMiddleton3728,#ipo,1
AmberCarte64280,#wealthbuilding,1
LeanneBail26873,#valueinvesting,1
Cryptoemperor06,#bitcoin,1
cantonmeow,#bitcoin,1
RaymondSco26453,#marketwatch,1
DAMIR626322,#web3,1
TylerRush381439,#spac,1
prideveteran1,#nasdaq,1
CryptoCedric_,#btc,1
PropWGlobal,#propw,1
fastheal123,#liquidity,1
soydavidvillega,#btc,1
iAmFAMZo,#voltarmy,1
HomelanderGMI,#elonone,1
javedahmedhere,#bitcoin,1
narrativeflow_,#cryptocommunity,1
3A_Atlas,#3aatlas,1
PaulGoldEagle,#crypto,1
LouisBrock52100,#crypto,1
TheCryptoSquire,#xrp,1
MSanders59017,#portfolio,1
thickquidity,#thickquidity,1
CryptoNowNever,#bitcoin,1
bitcoin_hotel,#meinungsfreiheit,1
Rajatsoni,#7,1
trevor_rob26162,#pasg,1
Smart_Money,#near,1
Cber_Official,#btc,1
Share_Talk,#dax,1
qirilaifu,#shib,1
DrRitikaS,#intents,1
01573bit,#ordinals,1
DanielHoll89654,#aiboom,1
HFinans45866,#kripto,1
AWolfe95858,#aiboom,1
CryptoRowenta01,#lowcap,1
SheltonReb45772,#crypto,1
MichaelRic65984,#aapl,1
Cber_Official,#cmc,1
Solpok21,#blockchain,1
DrRitikaS,#ai,1
AksuErol,#bitcoin,1
ImCryptOpus,#crypto,1
bitcoinjp,#btc,1
PatelPatri64990,#gapdown,1
LouiseNeum1054,#aistocks,1
AlyssaGome88931,#etf,1
laucutiey,#pizzawithbitget,1
Gate__Live,#livestreaming,1
The_JDK99,#bitcoin,1
CryptoNowNever,#gold,1
LouisBrock52100,#greenenergy,1
3Letters__,#rave,1
01573bit,#runes,1
prideveteran1,#g,1
Solpok21,#property,1
WhaleSatoshi,#crypto,1
mi35156,#crypto,1
crypto_king34,#japan,1
web3_intellect,#crypto,1
FirstSquawk,#dogecoin,1
DAF1CHAIN,#web3,1
NedunckDefi,#coretoshi,1
HakkPilpil,#df,1
iAmFAMZo,#1000xgem,1
Joestuart82,#eth,1
FirstSquawk,#cardano,1
FirstSquawk,#neo,1
CryptoTolga_,#binance,1
Thebitcoinway_,#bitcoin,1
AugustoBackes,#crypto,1
KennethSmi40023,#aapl,1
CryptoThro,#1000000x,1
ItenLidija1098,#bearmarket,1
DobsonJere96850,#wealthbuilding,1
Joestuart82,#crypto,1
CryptoAdvice4u,#crypto,1
matthewbennett,#deflationary,1
PiyasaNabizi,#xrp,1
EileenS33660,#marketvolatility,1
AugustoBackes,#investimentos,1
Joestuart82,#xyo,1
PatelPatri64990,#investing,1
NitroBunnies_X,#memecoin,1
btc_davie,#eth,1
prideveteran1,#alt,1
01573bit,#runestone,1
ChloeColli62737,#aiboom,1
PiyasaNabizi,#waves,1
thebittimescom,#cryptonews,1
web3_intellect,#bitcoin,1
CryptoSnack_,#cryptosnack,1
DuffyPauli31965,#msft,1
Bitcoin_World20,#crypto,1
Jack_gtm1,#memecoin1000x,1
Sleem5k,#bitcoin,1
AndrewPayn69245,#stock,1
BorsaDevriyesi,#xrp,1
3Letters__,#pengu,1
Aivaras62096689,#crypto,1
FirstSquawk,#uniswap,1
Sleem5k,#crypto,1
TaurusInvestTV,#arbitrum,1
dens_club,#rwa,1
DelvignePi88341,#crypto,1
andrew_hay82331,#spy,1
whowhathow5,#ethereum,1
KatherineN88573,#stocks,1
Share_Talk,#prd,1
NormanHutc76275,#investor,1
TanjaZach211202,#magnificent7,1
TaurusInvestTV,#xrp,1
harriet24830,#aiboom,1
narrativeflow_,#contribute,1
fastheal123,#macro,1
btcchart22,#btc,1
BCryptodinero,#criptonoticias,1
SeanWallac35944,#aapl,1
Can_Sayan,#eth,1
UEEx_official,#pizzaday,1
LouiseNeum1054,#aapl,1
PiyasaNabizi,#dot,1
ShannonSmi72407,#aapl,1
TaurusInvestTV,#binance,1
MarieRoger39833,#crypto,1
