hashtag,frequency
#bitcoin,56
#crypto,51
#btc,26
#aapl,19
#aiboom,12
#eth,11
#ethereum,9
#xrp,7
#nasdaq,6
#web3,6
#nvda,6
#hpc,5
#altcoins,5
#sol,4
#technicalanalysis,4
#cryptonews,4
#basechain,4
#spy,4
#inflation,3
#wealthbuilding,3
#portfolio,3
#stock,3
#nio,3
#stockmarket,3
#stocktrading,3
#1,3
#trump,3
#wallstreet,3
#valueinvesting,3
#bnb,3
#gapup,3
#shib,3
#doge,3
#gatelive,3
#amzn,3
#trading,3
#pltr,3
#earnings,3
#aistocks,3
#recession,3
#cleantech,2
#defi,2
#retailinvestor,2
#bullmarket,2
#pepe,2
#bearmarket,2
#memecoin,2
#livestream,2
#investing,2
#solana,2
#btcfi,2
#spac,2
#stocknews,2
#stocks,2
#blockchain,2
#stockgains,2
#dogecoin,2
#trader,2
#tradeplan,2
#passiveincome,2
#orcl,2
#binance,2
#moneymanagement,2
#datacenter,2
#softlanding,2
#krypto,2
#alt,2
#marketwatch,2
#qqq,2
#stocktips,2
#pengu,2
#airdrops,2
#marketanalysis,2
#eps,2
#54,1
#bcgame,1
#df,1
#interestrates,1
#coretoshi,1
#bog,1
#1000xgem,1
#marketrally,1
#rave,1
#memecoinseason,1
#ftse100,1
#cryptoconviction,1
#kripto,1
#atom,1
#borsai,1
#cryptocommunity,1
#asteriod,1
#9098,1
#114,1
#gold,1
#cryptolifememes,1
#coin,1
#ipo,1
#cber,1
#bicoin,1
#googl,1
#aitrading,1
#113,1
#livestreaming,1
#reth,1
#pi,1
#rune,1
#cta,1
#bank,1
#brent,1
#voltarmy,1
#gapdown,1
#tsla,1
#voltieco,1
#ict,1
#earningsseason,1
#analisistecnico,1
#6,1
#dax,1
#investimentos,1
#ada,1
#supportdefi,1
#clarityact,1
#swingtrading,1
#iranwar,1
#marketvolatility,1
#cmc,1
#neo,1
#supportresistance,1
#cro,1
#apt,1
#greenenergy,1
#viop,1
#ensi,1
#highbetastocks,1
#prd,1
#elonone,1
#ajax,1
#batterystocks,1
#magnificent7,1
#bigtech,1
#politik,1
#cryptosnack,1
#dyor,1
#dafcoin,1
#voltichange,1
#flork,1
#xau,1
#nitrobunnies,1
#cryptotrading,1
#ntro,1
#11,1
#miami,1
#4,1
#dow,1
#viral,1
#usstocks,1
#lest,1
#fiverr,1
#m,1
#getclaw,1
#youtube,1
#financialliteracy,1
#tuprs,1
#stockportfolio,1
#msft,1
#x,1
#cryptocurrecy,1
#radfi,1
#vps,1
#7,1
#meinungsfreiheit,1
#vstr,1
#onds,1
#etf,1
#115,1
#classicreimagined,1
#actucrypto,1
#privacy,1
#cocoro,1
#teng,1
#snack,1
#3aatlas,1
#achterbahn,1
#memecoin1000x,1
#sparkbot,1
#maskusdt,1
#zec,1
#omb,1
#manyu,1
#peterhahne,1
#volt,1
#wif,1
#rsi,1
#band,1
#shortsqueeze,1
#daf1,1
#runes,1
#bingx,1
#hedgefund,1
#thebittimes,1
#corona,1
#zkproof,1
#3,1
#voltinu,1
#marketupdate,1
#dowjones,1
#finance,1
#floki,1
#hnna,1
#fyp,1
#bist,1
#sp500,1
#glob,1
#altcoin,1
#war,1
#mka,1
#jup,1
#criptonoticias,1
#cwr,1
#tly,1
#investor,1
#semiconductors,1
#omi,1
#communityiseverything,1
#realutility,1
#ai,1
#2,1
#alcx,1
#nojinx,1
#shibarmy,1
#defiunited,1
#cryptomarket,1
#nodestr,1
#lowcap,1
#vix,1
#1000x,1
#xrpl,1
#5,1
#mining,1
#pasg,1
#wti,1
#spx,1
#f,1
#mexc,1
#orta,1
#eeiq,1
#tbt,1
#voltiflex,1
#wojak,1
#hui,1
#coep,1
#meta,1
#contribute,1
#genf,1
#bearish,1
#techstocks,1
#runestone,1
#bitgetagent,1
#cryptocurrency,1
#g,1
#fed,1
#dgq,1
#bullrun2025,1
#ordinals,1
#bitcoinetf,1
#itm,1
#mexc0fee,1
#lamansi,1
#avax,1
#ssit,1
#stardom,1
