date,hashtag,frequency
2026-03-30,#crypto,1
2026-03-30,#cryptonews,1
2026-03-30,#gatelive,1
2026-03-30,#livestreaming,1
2026-04-10,#11,1
2026-04-10,#gatelive,1
2026-04-10,#livestream,1
2026-04-10,#cryptonews,1
2026-04-10,#airdrops,1
2026-04-10,#crypto,1
2026-04-19,#bitcoin,1
2026-04-19,#iranwar,1
2026-04-19,#war,1
2026-04-19,#cryptocurrency,1
2026-04-20,#bitcoin,2
2026-04-20,#doge,1
2026-04-20,#wallstreet,1
2026-04-20,#btc,1
2026-04-20,#shib,1
2026-04-20,#xrp,1
2026-04-20,#pengu,1
2026-04-20,#miami,1
2026-04-20,#altcoins,1
2026-04-20,#rave,1
2026-04-20,#bnb,1
2026-04-20,#eth,1
2026-04-20,#sol,1
2026-04-20,#pepe,1
2026-04-20,#ada,1
2026-04-20,#cro,1
2026-04-20,#manyu,1
2026-04-21,#bitcoin,2
2026-04-21,#actucrypto,1
2026-04-21,#altcoins,1
2026-04-21,#xrp,1
2026-04-21,#crypto,1
2026-04-22,#crypto,1
2026-04-22,#web3,1
2026-04-22,#cryptocurrecy,1
2026-04-22,#binance,1
2026-04-22,#bitcoin,1
2026-04-22,#3aatlas,1
2026-04-22,#cryptonews,1
2026-04-22,#eth,1
2026-04-22,#btc,1
2026-04-22,#cryptomarket,1
2026-04-22,#thebittimes,1
2026-04-23,#ethereum,1
2026-04-23,#bitcoin,1
2026-04-23,#113,1
2026-04-23,#eth,1
2026-04-23,#btc,1
2026-04-24,#bitcoin,1
2026-04-24,#btc,1
2026-04-24,#gatelive,1
2026-04-24,#airdrops,1
2026-04-24,#crypto,1
2026-04-24,#cryptonews,1
2026-04-24,#eth,1
2026-04-24,#ethereum,1
2026-04-24,#livestream,1
2026-04-24,#1,1
2026-04-24,#114,1
2026-04-25,#bitcoin,2
2026-04-25,#btc,2
2026-04-25,#eth,2
2026-04-25,#cmc,1
2026-04-25,#ethereum,1
2026-04-25,#115,1
2026-04-25,#cber,1
2026-04-25,#crypto,1
2026-04-26,#bitcoin,46
2026-04-26,#crypto,45
2026-04-26,#btc,20
2026-04-26,#aapl,19
2026-04-26,#aiboom,12
2026-04-26,#nasdaq,6
2026-04-26,#ethereum,6
2026-04-26,#nvda,6
2026-04-26,#xrp,5
2026-04-26,#web3,5
2026-04-26,#hpc,5
2026-04-26,#eth,5
2026-04-26,#technicalanalysis,4
2026-04-26,#basechain,4
2026-04-26,#spy,4
2026-04-26,#portfolio,3
2026-04-26,#stock,3
2026-04-26,#sol,3
2026-04-26,#pltr,3
2026-04-26,#aistocks,3
2026-04-26,#inflation,3
2026-04-26,#trading,3
2026-04-26,#altcoins,3
2026-04-26,#nio,3
2026-04-26,#trump,3
2026-04-26,#stockmarket,3
2026-04-26,#recession,3
2026-04-26,#earnings,3
2026-04-26,#valueinvesting,3
2026-04-26,#wealthbuilding,3
2026-04-26,#amzn,3
2026-04-26,#gapup,3
2026-04-26,#stocktrading,3
2026-04-26,#investing,2
2026-04-26,#marketanalysis,2
2026-04-26,#datacenter,2
2026-04-26,#stocknews,2
2026-04-26,#eps,2
2026-04-26,#stocktips,2
2026-04-26,#memecoin,2
2026-04-26,#1,2
2026-04-26,#wallstreet,2
2026-04-26,#stocks,2
2026-04-26,#passiveincome,2
2026-04-26,#defi,2
2026-04-26,#blockchain,2
2026-04-26,#qqq,2
2026-04-26,#bnb,2
2026-04-26,#bullmarket,2
2026-04-26,#cleantech,2
2026-04-26,#tradeplan,2
2026-04-26,#trader,2
2026-04-26,#softlanding,2
2026-04-26,#orcl,2
2026-04-26,#doge,2
2026-04-26,#spac,2
2026-04-26,#shib,2
2026-04-26,#bearmarket,2
2026-04-26,#alt,2
2026-04-26,#moneymanagement,2
2026-04-26,#dogecoin,2
2026-04-26,#marketwatch,2
2026-04-26,#solana,2
2026-04-26,#btcfi,2
2026-04-26,#krypto,2
2026-04-26,#stockgains,2
2026-04-26,#retailinvestor,2
2026-04-26,#wif,1
2026-04-26,#defiunited,1
2026-04-26,#bitcoinetf,1
2026-04-26,#googl,1
2026-04-26,#bicoin,1
2026-04-26,#ordinals,1
2026-04-26,#voltarmy,1
2026-04-26,#sp500,1
2026-04-26,#swingtrading,1
2026-04-26,#pasg,1
2026-04-26,#usstocks,1
2026-04-26,#flork,1
2026-04-26,#alcx,1
2026-04-26,#ai,1
2026-04-26,#radfi,1
2026-04-26,#coin,1
2026-04-26,#nodestr,1
2026-04-26,#reth,1
2026-04-26,#6,1
2026-04-26,#sparkbot,1
2026-04-26,#kripto,1
2026-04-26,#cwr,1
2026-04-26,#stockportfolio,1
2026-04-26,#f,1
2026-04-26,#mexc0fee,1
2026-04-26,#supportdefi,1
2026-04-26,#maskusdt,1
2026-04-26,#coretoshi,1
2026-04-26,#hnna,1
2026-04-26,#etf,1
2026-04-26,#bitgetagent,1
2026-04-26,#apt,1
2026-04-26,#band,1
2026-04-26,#zec,1
2026-04-26,#54,1
2026-04-26,#tbt,1
2026-04-26,#politik,1
2026-04-26,#dgq,1
2026-04-26,#greenenergy,1
2026-04-26,#ensi,1
2026-04-26,#lowcap,1
2026-04-26,#bank,1
2026-04-26,#dyor,1
2026-04-26,#bist,1
2026-04-26,#neo,1
2026-04-26,#coep,1
2026-04-26,#omi,1
2026-04-26,#mka,1
2026-04-26,#avax,1
2026-04-26,#jup,1
2026-04-26,#pepe,1
2026-04-26,#ftse100,1
2026-04-26,#asteriod,1
2026-04-26,#memecoin1000x,1
2026-04-26,#voltichange,1
2026-04-26,#df,1
2026-04-26,#hui,1
2026-04-26,#voltieco,1
2026-04-26,#bullrun2025,1
2026-04-26,#glob,1
2026-04-26,#financialliteracy,1
2026-04-26,#5,1
2026-04-26,#hedgefund,1
2026-04-26,#tuprs,1
2026-04-26,#ntro,1
2026-04-26,#xau,1
2026-04-26,#corona,1
2026-04-26,#runestone,1
2026-04-26,#vstr,1
2026-04-26,#dax,1
2026-04-26,#omb,1
2026-04-26,#gapdown,1
2026-04-26,#cocoro,1
2026-04-26,#spx,1
2026-04-26,#orta,1
2026-04-26,#x,1
2026-04-26,#floki,1
2026-04-26,#vix,1
2026-04-26,#bog,1
2026-04-26,#cryptocommunity,1
2026-04-26,#clarityact,1
2026-04-26,#supportresistance,1
2026-04-26,#shortsqueeze,1
2026-04-26,#meinungsfreiheit,1
2026-04-26,#altcoin,1
2026-04-26,#elonone,1
2026-04-26,#marketrally,1
2026-04-26,#fiverr,1
2026-04-26,#ict,1
2026-04-26,#marketupdate,1
2026-04-26,#borsai,1
2026-04-26,#genf,1
2026-04-26,#brent,1
2026-04-26,#youtube,1
2026-04-26,#semiconductors,1
2026-04-26,#privacy,1
2026-04-26,#zkproof,1
2026-04-26,#wojak,1
2026-04-26,#gold,1
2026-04-26,#ssit,1
2026-04-26,#mexc,1
2026-04-26,#ajax,1
2026-04-26,#4,1
2026-04-26,#cta,1
2026-04-26,#daf1,1
2026-04-26,#nitrobunnies,1
2026-04-26,#criptonoticias,1
2026-04-26,#memecoinseason,1
2026-04-26,#lest,1
2026-04-26,#2,1
2026-04-26,#shibarmy,1
2026-04-26,#m,1
2026-04-26,#earningsseason,1
2026-04-26,#achterbahn,1
2026-04-26,#meta,1
2026-04-26,#fyp,1
2026-04-26,#stardom,1
2026-04-26,#xrpl,1
2026-04-26,#cryptotrading,1
2026-04-26,#cryptoconviction,1
2026-04-26,#itm,1
2026-04-26,#investor,1
2026-04-26,#atom,1
2026-04-26,#marketvolatility,1
2026-04-26,#1000x,1
2026-04-26,#dafcoin,1
2026-04-26,#vps,1
2026-04-26,#eeiq,1
2026-04-26,#highbetastocks,1
2026-04-26,#realutility,1
2026-04-26,#tsla,1
2026-04-26,#ipo,1
2026-04-26,#rune,1
2026-04-26,#voltinu,1
2026-04-26,#techstocks,1
2026-04-26,#batterystocks,1
2026-04-26,#bearish,1
2026-04-26,#analisistecnico,1
2026-04-26,#wti,1
2026-04-26,#lamansi,1
2026-04-26,#investimentos,1
2026-04-26,#voltiflex,1
2026-04-26,#bigtech,1
2026-04-26,#magnificent7,1
2026-04-26,#pengu,1
2026-04-26,#3,1
2026-04-26,#finance,1
2026-04-26,#dowjones,1
2026-04-26,#communityiseverything,1
2026-04-26,#g,1
2026-04-26,#pi,1
2026-04-26,#1000xgem,1
2026-04-26,#bingx,1
2026-04-26,#bcgame,1
2026-04-26,#getclaw,1
2026-04-26,#aitrading,1
2026-04-26,#cryptosnack,1
2026-04-26,#nojinx,1
2026-04-26,#rsi,1
2026-04-26,#dow,1
2026-04-26,#contribute,1
2026-04-26,#prd,1
2026-04-26,#viral,1
2026-04-26,#runes,1
2026-04-26,#7,1
2026-04-26,#classicreimagined,1
2026-04-26,#msft,1
2026-04-26,#9098,1
2026-04-26,#snack,1
2026-04-26,#volt,1
2026-04-26,#viop,1
2026-04-26,#tly,1
2026-04-26,#peterhahne,1
2026-04-26,#teng,1
2026-04-26,#onds,1
2026-04-26,#cryptolifememes,1
2026-04-26,#fed,1
2026-04-26,#mining,1
2026-04-26,#binance,1
2026-04-26,#interestrates,1
